index,customer_id,0,0,1
4930,6941-KXRRV,0,0.7348066298342542,0.26519337016574585
117,0206-OYVOC,0,0.7258566978193146,0.27414330218068533
5275,7442-YGZFK,0,0.7121535181236673,0.2878464818763326
6364,9018-PCIOK,0,0.81375,0.18625
1092,1591-MQJTP,0,0.6808510638297872,0.3191489361702128
1575,2294-DMMUS,0,0.7258566978193146,0.27414330218068533
3449,4890-VMUAV,0,0.8168674698795181,0.18313253012048192
6790,9637-EIHEQ,0,0.7258566978193146,0.27414330218068533
6606,9391-DXGGG,0,0.7348066298342542,0.26519337016574585
4911,6910-HADCM,0,0.7258566978193146,0.27414330218068533
6853,9734-YWGEX,0,0.7258566978193146,0.27414330218068533
5474,7706-DZNKK,0,0.7121535181236673,0.2878464818763326
5680,8006-PYCSW,0,0.7258566978193146,0.27414330218068533
5115,7191-ADRGF,0,0.8168674698795181,0.18313253012048192
3226,4625-XMOYM,0,0.7258566978193146,0.27414330218068533
4718,6647-ZEDXT,0,0.81375,0.18625
2086,2990-OGYTD,0,0.81375,0.18625
1033,1493-AMTIE,0,0.7121535181236673,0.2878464818763326
4357,6141-OOXUQ,0,0.7121535181236673,0.2878464818763326
1403,2074-GUHPQ,0,0.81375,0.18625
4214,5949-HGVJL,0,0.81375,0.18625
3617,5130-YPIRV,0,0.81375,0.18625
1567,2277-BKJKN,0,0.7348066298342542,0.26519337016574585
2032,2928-HLDBA,0,0.7258566978193146,0.27414330218068533
6152,8714-EUHJO,0,0.81375,0.18625
2338,3347-YJZZE,0,0.8168674698795181,0.18313253012048192
4005,5649-TJHOV,0,0.5,0.5
3462,4908-XAXAY,0,0.7348066298342542,0.26519337016574585
6341,8980-WQFWL,0,0.7258566978193146,0.27414330218068533
5560,7826-VVKWT,1,0.40606060606060607,0.593939393939394
3668,5176-LDKUH,0,0.81375,0.18625
6278,8883-ANODQ,0,0.81375,0.18625
2593,3705-RHRFR,0,0.81375,0.18625
6547,9297-FVVDH,0,0.81375,0.18625
2704,3845-JHAMY,0,0.7258566978193146,0.27414330218068533
3697,5204-HMGYF,0,0.81375,0.18625
2883,4111-BNXIF,0,0.81375,0.18625
4037,5693-PIPCS,0,0.8168674698795181,0.18313253012048192
2655,3771-PZOBW,0,0.7121535181236673,0.2878464818763326
2603,3716-UVSPD,0,0.7121535181236673,0.2878464818763326
6929,9830-ECLEN,0,0.8168674698795181,0.18313253012048192
432,0634-SZPQA,0,0.81375,0.18625
4912,6916-HIJSE,0,0.81375,0.18625
2179,3120-FAZKD,0,0.7121535181236673,0.2878464818763326
696,1027-LKKQQ,0,0.81375,0.18625
1279,1899-VXWXM,0,0.8168674698795181,0.18313253012048192
5327,7524-VRLPL,0,0.6808510638297872,0.3191489361702128
6329,8963-MQVYN,0,0.7258566978193146,0.27414330218068533
6273,8878-HMWBV,0,0.7121535181236673,0.2878464818763326
3056,4373-VVHQL,0,0.7121535181236673,0.2878464818763326
3943,5550-VFRLC,1,0.40606060606060607,0.593939393939394
3757,5294-IMHHT,0,0.8168674698795181,0.18313253012048192
5144,7241-AJHFS,0,0.8168674698795181,0.18313253012048192
2782,3957-LXOLK,0,0.7348066298342542,0.26519337016574585
871,1265-BCFEO,0,0.7258566978193146,0.27414330218068533
54,0094-OIFMO,0,0.7348066298342542,0.26519337016574585
4780,6727-IOTLZ,0,0.8168674698795181,0.18313253012048192
290,0428-AXXLJ,0,0.7121535181236673,0.2878464818763326
3061,4378-MYPGO,0,0.8168674698795181,0.18313253012048192
2062,2969-QWUBZ,0,0.81375,0.18625
3919,5515-RUGKN,0,0.7121535181236673,0.2878464818763326
1503,2208-NKVVH,0,0.7121535181236673,0.2878464818763326
5899,8305-VHZBZ,0,0.7121535181236673,0.2878464818763326
5770,8111-SLLHI,0,0.6808510638297872,0.3191489361702128
2188,3134-DSHVC,0,0.81375,0.18625
3457,4902-OHLSK,1,0.40606060606060607,0.593939393939394
904,1319-YLZJG,0,0.8168674698795181,0.18313253012048192
5737,8071-SBTRN,0,0.81375,0.18625
4997,7024-OHCCK,1,0.40606060606060607,0.593939393939394
4098,5793-YOLJN,0,0.7258566978193146,0.27414330218068533
3631,5143-WMWOG,0,0.7121535181236673,0.2878464818763326
4754,6693-DJWTY,0,0.81375,0.18625
4581,6463-MVYRY,0,0.7348066298342542,0.26519337016574585
2337,3346-BRMIS,1,0.40606060606060607,0.593939393939394
6707,9526-BIHHD,0,0.8168674698795181,0.18313253012048192
222,0343-QLUZP,0,0.8168674698795181,0.18313253012048192
3114,4465-VDKIQ,0,0.81375,0.18625
2528,3620-MWJNE,0,0.8168674698795181,0.18313253012048192
3097,4441-NIHPT,1,0.40606060606060607,0.593939393939394
3344,4765-OXPPD,0,0.81375,0.18625
3268,4671-VJLCL,0,0.81375,0.18625
3062,4381-MHQDC,0,0.81375,0.18625
4520,6369-MCAKO,0,0.81375,0.18625
3319,4726-DLWQN,0,0.6808510638297872,0.3191489361702128
6675,9492-TOKRI,0,0.81375,0.18625
1340,1996-DBMUS,1,0.40606060606060607,0.593939393939394
3468,4913-EHYUI,0,0.6808510638297872,0.3191489361702128
4470,6303-KFWSL,0,0.81375,0.18625
2312,3312-ZWLGF,0,0.5,0.5
5865,8242-SOQUO,0,0.7348066298342542,0.26519337016574585
3714,5226-NOZFC,0,0.8168674698795181,0.18313253012048192
417,0618-XWMSS,0,0.8168674698795181,0.18313253012048192
6925,9824-QCJPK,0,0.7121535181236673,0.2878464818763326
4295,6048-UWKAL,0,0.7348066298342542,0.26519337016574585
3555,5038-ETMLM,0,0.81375,0.18625
2894,4123-DVHPH,0,0.8168674698795181,0.18313253012048192
557,0822-GAVAP,0,0.7258566978193146,0.27414330218068533
4026,5676-CFLYY,0,0.8168674698795181,0.18313253012048192
3103,4450-MDZFX,0,0.7121535181236673,0.2878464818763326
823,1205-WNWPJ,0,0.7258566978193146,0.27414330218068533
1493,2202-CUYXZ,0,0.7121535181236673,0.2878464818763326
3415,4837-PZTIC,0,0.81375,0.18625
3095,4439-JMPMT,0,0.7258566978193146,0.27414330218068533
471,0689-DSXGL,0,0.81375,0.18625
4509,6356-ELRKD,0,0.81375,0.18625
648,0947-IDHRQ,0,0.7258566978193146,0.27414330218068533
853,1237-WIYYZ,0,0.7258566978193146,0.27414330218068533
6952,9862-KJTYK,0,0.7121535181236673,0.2878464818763326
6092,8630-FJLIB,0,0.7258566978193146,0.27414330218068533
4731,6661-HBGWL,0,0.7348066298342542,0.26519337016574585
1644,2387-KDZQY,0,0.7121535181236673,0.2878464818763326
6257,8854-CCVSQ,0,0.8168674698795181,0.18313253012048192
5453,7672-VFMXZ,0,0.8168674698795181,0.18313253012048192
5906,8314-DPQHL,0,0.8168674698795181,0.18313253012048192
1999,2885-HIJDH,0,0.8168674698795181,0.18313253012048192
1199,1766-GKNMI,0,0.7121535181236673,0.2878464818763326
2766,3936-QQFLL,0,0.7121535181236673,0.2878464818763326
5478,7711-GQBZC,0,0.7258566978193146,0.27414330218068533
4927,6933-FHBZC,0,0.81375,0.18625
6740,9572-MTILT,0,0.8168674698795181,0.18313253012048192
314,0463-ZSDNT,0,0.7121535181236673,0.2878464818763326
2228,3190-FZATL,0,0.7121535181236673,0.2878464818763326
4536,6393-WRYZE,0,0.7258566978193146,0.27414330218068533
5616,7909-FIOIY,0,0.7258566978193146,0.27414330218068533
1300,1930-WNXSB,0,0.8168674698795181,0.18313253012048192
5728,8064-RAVOH,0,0.7121535181236673,0.2878464818763326
7029,9972-NKTFD,0,0.81375,0.18625
846,1227-UDMZR,0,0.81375,0.18625
181,0295-QVKPB,0,0.7121535181236673,0.2878464818763326
2899,4130-MZLCC,0,0.81375,0.18625
4624,6518-PPLMZ,0,0.7121535181236673,0.2878464818763326
2020,2911-WDXMV,0,0.7121535181236673,0.2878464818763326
414,0616-ATFGB,0,0.5,0.5
457,0670-KDOMA,0,0.7258566978193146,0.27414330218068533
3423,4851-BQDNX,0,0.7121535181236673,0.2878464818763326
4117,5825-XJOCM,0,0.8168674698795181,0.18313253012048192
109,0193-ESZXP,0,0.7348066298342542,0.26519337016574585
228,0354-WYROK,1,0.40606060606060607,0.593939393939394
346,0513-RBGPE,0,0.8168674698795181,0.18313253012048192
1547,2257-BOVXD,0,0.7121535181236673,0.2878464818763326
1037,1498-NHTLT,0,0.8168674698795181,0.18313253012048192
4707,6631-HMANX,0,0.8168674698795181,0.18313253012048192
162,0264-CNITK,0,0.7258566978193146,0.27414330218068533
4048,5701-ZIKJE,0,0.7121535181236673,0.2878464818763326
4208,5940-NFXKV,0,0.7121535181236673,0.2878464818763326
402,0599-XNYDO,0,0.7258566978193146,0.27414330218068533
5975,8417-GSODA,0,0.7121535181236673,0.2878464818763326
2806,3992-YWPKO,0,0.81375,0.18625
4246,5986-WWXDV,0,0.7121535181236673,0.2878464818763326
3169,4547-FZJWE,0,0.8168674698795181,0.18313253012048192
3487,4939-KYYPY,0,0.7121535181236673,0.2878464818763326
5780,8133-ANHHJ,0,0.7348066298342542,0.26519337016574585
2854,4075-JFPGR,0,0.81375,0.18625
254,0379-DJQHR,0,0.8168674698795181,0.18313253012048192
3749,5281-BUZGT,0,0.6808510638297872,0.3191489361702128
4955,6979-TNDEU,0,0.7258566978193146,0.27414330218068533
4979,7005-CCBKV,0,0.8168674698795181,0.18313253012048192
5634,7941-RCJOW,0,0.7121535181236673,0.2878464818763326
6343,8982-NHAVY,0,0.7121535181236673,0.2878464818763326
6080,8620-RJPZN,0,0.7258566978193146,0.27414330218068533
676,0991-BRRFB,0,0.8168674698795181,0.18313253012048192
2354,3373-DIUUN,0,0.7121535181236673,0.2878464818763326
5173,7274-RTAPZ,0,0.7121535181236673,0.2878464818763326
4583,6465-GSRCL,0,0.81375,0.18625
433,0635-WKOLD,0,0.8168674698795181,0.18313253012048192
1382,2043-WVTQJ,0,0.8168674698795181,0.18313253012048192
3959,5570-PTWEH,0,0.7258566978193146,0.27414330218068533
3479,4929-BSTRX,0,0.7258566978193146,0.27414330218068533
6603,9386-LDCZR,0,0.8168674698795181,0.18313253012048192
3985,5619-PTMIK,0,0.81375,0.18625
4645,6551-ZCOTS,0,0.5,0.5
428,0623-IIHUG,0,0.7348066298342542,0.26519337016574585
6935,9838-BFCQT,0,0.7121535181236673,0.2878464818763326
4540,6400-BWQKW,0,0.81375,0.18625
448,0661-KBKPA,0,0.7121535181236673,0.2878464818763326
293,0431-APWVY,0,0.7258566978193146,0.27414330218068533
5704,8039-ACLPL,0,0.81375,0.18625
2398,3427-GGZZI,0,0.81375,0.18625
2467,3530-CRZSB,0,0.7258566978193146,0.27414330218068533
3235,4632-XJMEX,0,0.8168674698795181,0.18313253012048192
928,1346-UFHAX,0,0.81375,0.18625
2307,3307-TLCUD,0,0.8168674698795181,0.18313253012048192
1862,2697-NQBPF,0,0.8168674698795181,0.18313253012048192
2777,3951-NJCVI,1,0.40606060606060607,0.593939393939394
384,0567-XRHCU,0,0.81375,0.18625
4849,6837-HAEVO,0,0.8168674698795181,0.18313253012048192
3559,5044-XDPYX,0,0.7258566978193146,0.27414330218068533
3033,4338-EYCER,0,0.7121535181236673,0.2878464818763326
2156,3090-LETTY,0,0.8168674698795181,0.18313253012048192
3910,5501-TVMGM,0,0.7121535181236673,0.2878464818763326
1347,2003-CKLOR,0,0.8168674698795181,0.18313253012048192
5774,8123-QBNAZ,0,0.81375,0.18625
1681,2452-MRMZF,1,0.40606060606060607,0.593939393939394
1329,1977-STDKI,0,0.7348066298342542,0.26519337016574585
2687,3810-PJUHR,0,0.7121535181236673,0.2878464818763326
6595,9372-TXXPS,0,0.81375,0.18625
4524,6374-AFWOX,0,0.8168674698795181,0.18313253012048192
3811,5360-LJCNJ,0,0.81375,0.18625
2287,3266-FTKHB,0,0.7121535181236673,0.2878464818763326
1459,2154-KVJFF,0,0.81375,0.18625
1053,1539-LNKHM,0,0.7258566978193146,0.27414330218068533
5820,8191-XWSZG,0,0.7258566978193146,0.27414330218068533
6409,9074-KGVOX,0,0.8168674698795181,0.18313253012048192
1125,1642-HMARX,0,0.81375,0.18625
2871,4090-KPJIP,0,0.7258566978193146,0.27414330218068533
4837,6817-WTYHE,0,0.7121535181236673,0.2878464818763326
3090,4430-UZIPO,0,0.8168674698795181,0.18313253012048192
5110,7181-OQCUT,0,0.8168674698795181,0.18313253012048192
31,0048-PIHNL,0,0.7258566978193146,0.27414330218068533
3625,5136-KCKGI,0,0.81375,0.18625
1030,1488-SYSFC,0,0.7121535181236673,0.2878464818763326
2601,3716-BDVDB,0,0.7121535181236673,0.2878464818763326
5922,8337-MSSXB,0,0.81375,0.18625
5119,7203-OYKCT,0,0.8168674698795181,0.18313253012048192
2223,3179-GBRWV,0,0.6808510638297872,0.3191489361702128
773,1125-SNVCK,1,0.40606060606060607,0.593939393939394
2987,4282-ACRXS,0,0.5,0.5
67,0112-QWPNC,0,0.8168674698795181,0.18313253012048192
2258,3227-WLKLI,0,0.81375,0.18625
4951,6969-MVBAI,1,0.40606060606060607,0.593939393939394
6155,8718-PTMEZ,0,0.81375,0.18625
1373,2038-LLMLM,0,0.7258566978193146,0.27414330218068533
5384,7596-ZYWBB,0,0.81375,0.18625
1884,2732-ISEZX,0,0.7258566978193146,0.27414330218068533
169,0270-THENM,0,0.8168674698795181,0.18313253012048192
6786,9631-XEYKE,0,0.7121535181236673,0.2878464818763326
2532,3627-FCRDW,0,0.7258566978193146,0.27414330218068533
6552,9306-CPCBC,0,0.7258566978193146,0.27414330218068533
6861,9746-YKGXB,0,0.8168674698795181,0.18313253012048192
2276,3254-YRILK,0,0.6808510638297872,0.3191489361702128
4766,6710-HSJRD,0,0.8168674698795181,0.18313253012048192
5612,7903-CMPEY,0,0.6808510638297872,0.3191489361702128
2591,3704-IEAXF,0,0.81375,0.18625
3377,4811-JBUVU,0,0.7121535181236673,0.2878464818763326
634,0929-HYQEW,0,0.8168674698795181,0.18313253012048192
6275,8879-XUAHX,0,0.8168674698795181,0.18313253012048192
5320,7516-GMHUV,0,0.6808510638297872,0.3191489361702128
2024,2921-XWDJH,0,0.7348066298342542,0.26519337016574585
4003,5649-ANRML,0,0.6808510638297872,0.3191489361702128
1634,2378-HTWFW,0,0.6808510638297872,0.3191489361702128
5362,7571-YXDAD,0,0.7258566978193146,0.27414330218068533
3569,5057-LCOUI,0,0.7258566978193146,0.27414330218068533
2309,3308-JSGML,0,0.6808510638297872,0.3191489361702128
2435,3487-EARAT,0,0.81375,0.18625
3053,4369-HTUIF,0,0.6808510638297872,0.3191489361702128
92,0148-DCDOS,0,0.7121535181236673,0.2878464818763326
6308,8922-NPKBJ,0,0.7121535181236673,0.2878464818763326
5322,7517-SAWMO,0,0.81375,0.18625
3494,4950-BDEUX,0,0.7121535181236673,0.2878464818763326
6225,8805-JNRAZ,0,0.81375,0.18625
6709,9529-OFXHY,0,0.8168674698795181,0.18313253012048192
2679,3803-KMQFW,0,0.7258566978193146,0.27414330218068533
2344,3352-RICWQ,0,0.7258566978193146,0.27414330218068533
6448,9129-UXERG,0,0.7348066298342542,0.26519337016574585
6843,9717-QEBGU,0,0.7121535181236673,0.2878464818763326
6754,9588-OZDMQ,0,0.7258566978193146,0.27414330218068533
7002,9938-EKRGF,0,0.81375,0.18625
5788,8149-AIQCG,0,0.7121535181236673,0.2878464818763326
5746,8084-OIVBS,0,0.7258566978193146,0.27414330218068533
1323,1965-DDBWU,0,0.7121535181236673,0.2878464818763326
6585,9361-YNQWJ,0,0.7258566978193146,0.27414330218068533
6058,8587-XYZSF,0,0.7121535181236673,0.2878464818763326
6179,8746-OQQRW,0,0.7121535181236673,0.2878464818763326
5268,7426-RHZGU,0,0.7121535181236673,0.2878464818763326
3909,5499-ECUTN,0,0.81375,0.18625
5893,8292-FRFZQ,0,0.81375,0.18625
6410,9076-AXYIK,0,0.5,0.5
1766,2581-VKIRT,0,0.81375,0.18625
2429,3474-BAFSJ,0,0.8168674698795181,0.18313253012048192
4965,6987-XQSJT,0,0.7348066298342542,0.26519337016574585
5438,7657-DYEPJ,0,0.6808510638297872,0.3191489361702128
209,0324-BRPCJ,0,0.7348066298342542,0.26519337016574585
4604,6490-FGZAT,0,0.7121535181236673,0.2878464818763326
6140,8701-DGLVH,0,0.7121535181236673,0.2878464818763326
5826,8200-LGKSR,0,0.8168674698795181,0.18313253012048192
6505,9227-UAQFT,0,0.7121535181236673,0.2878464818763326
2060,2967-MXRAV,0,0.7121535181236673,0.2878464818763326
1763,2578-JQPHZ,0,0.7121535181236673,0.2878464818763326
7011,9945-PSVIP,0,0.7258566978193146,0.27414330218068533
5950,8388-FYNPZ,0,0.8168674698795181,0.18313253012048192
4055,5712-AHQNN,0,0.81375,0.18625
1957,2834-JKOOW,0,0.81375,0.18625
2106,3022-BEXHZ,0,0.8168674698795181,0.18313253012048192
3401,4826-TZEVA,0,0.81375,0.18625
6615,9399-APLBT,0,0.81375,0.18625
6209,8780-IHCRN,0,0.7121535181236673,0.2878464818763326
3880,5453-AXEPF,0,0.8168674698795181,0.18313253012048192
3066,4390-KYULV,0,0.7121535181236673,0.2878464818763326
6830,9701-CDXHR,0,0.7258566978193146,0.27414330218068533
3785,5322-ZSMZY,0,0.7121535181236673,0.2878464818763326
2626,3736-BLEPA,0,0.8168674698795181,0.18313253012048192
4019,5666-MBJPT,0,0.7121535181236673,0.2878464818763326
4021,5669-SRAIP,0,0.7258566978193146,0.27414330218068533
2064,2969-WGHQO,0,0.81375,0.18625
5754,8096-LOIST,0,0.7258566978193146,0.27414330218068533
1537,2245-ADZFJ,0,0.81375,0.18625
3549,5028-GZLDO,0,0.7121535181236673,0.2878464818763326
1281,1904-WAJAA,0,0.81375,0.18625
6532,9274-UARKJ,0,0.81375,0.18625
4192,5919-VCZYM,0,0.7121535181236673,0.2878464818763326
5943,8380-PEFPE,0,0.7121535181236673,0.2878464818763326
668,0975-VOOVL,0,0.81375,0.18625
4155,5876-HZVZM,0,0.81375,0.18625
3969,5590-YRFJT,0,0.7258566978193146,0.27414330218068533
3946,5555-RNPGT,0,0.7121535181236673,0.2878464818763326
3744,5275-PMFUT,0,0.8168674698795181,0.18313253012048192
1847,2682-KEVRP,1,0.40606060606060607,0.593939393939394
78,0128-MKWSG,0,0.81375,0.18625
5134,7228-PAQPD,0,0.7258566978193146,0.27414330218068533
2624,3733-UOCWF,0,0.6808510638297872,0.3191489361702128
2979,4257-GAESD,0,0.7258566978193146,0.27414330218068533
3198,4583-PARNH,0,0.5,0.5
873,1265-XTECC,0,0.7348066298342542,0.26519337016574585
5963,8404-GFGCZ,0,0.7121535181236673,0.2878464818763326
1673,2439-LYPMQ,0,0.6808510638297872,0.3191489361702128
3735,5256-SKJGO,0,0.81375,0.18625
1757,2568-OIADY,0,0.7258566978193146,0.27414330218068533
5398,7608-RGIRO,0,0.7121535181236673,0.2878464818763326
1713,2495-TTHBQ,0,0.7258566978193146,0.27414330218068533
101,0178-SZBHO,0,0.8168674698795181,0.18313253012048192
2678,3801-HMYNL,0,0.7121535181236673,0.2878464818763326
258,0384-LPITE,0,0.8168674698795181,0.18313253012048192
3406,4828-FAZPK,0,0.81375,0.18625
3477,4926-UMJZD,0,0.7258566978193146,0.27414330218068533
22,0027-KWYKW,0,0.7258566978193146,0.27414330218068533
4382,6176-YJWAS,0,0.8168674698795181,0.18313253012048192
709,1045-LTCYT,0,0.7258566978193146,0.27414330218068533
5692,8019-ENHXU,0,0.8168674698795181,0.18313253012048192
6346,8985-OOPOS,0,0.7258566978193146,0.27414330218068533
3161,4534-WGCIR,0,0.7258566978193146,0.27414330218068533
3050,4366-CTOUZ,0,0.81375,0.18625
5490,7729-JTEEC,0,0.7121535181236673,0.2878464818763326
3628,5140-FOMCQ,0,0.81375,0.18625
6276,8879-ZKJOF,0,0.81375,0.18625
3488,4940-KHCWD,0,0.81375,0.18625
2616,3724-UCSHY,0,0.7121535181236673,0.2878464818763326
2000,2886-KEFUM,0,0.81375,0.18625
2125,3055-OYMSE,0,0.7348066298342542,0.26519337016574585
5517,7771-CFQRQ,0,0.81375,0.18625
4903,6904-JLBGY,0,0.7348066298342542,0.26519337016574585
5396,7606-BPHHN,0,0.7121535181236673,0.2878464818763326
2813,4002-BQWPQ,0,0.8168674698795181,0.18313253012048192
6304,8917-SZTTJ,0,0.7121535181236673,0.2878464818763326
447,0657-DOGUM,0,0.81375,0.18625
2622,3729-OWRVL,0,0.6808510638297872,0.3191489361702128
5328,7526-BEZQB,0,0.7121535181236673,0.2878464818763326
5705,8039-EQPIM,0,0.8168674698795181,0.18313253012048192
4696,6620-JDYNW,0,0.81375,0.18625
1869,2716-GFZOR,0,0.8168674698795181,0.18313253012048192
3037,4349-GFQHK,0,0.7121535181236673,0.2878464818763326
4748,6689-KXGBO,0,0.81375,0.18625
6123,8671-KKKOS,0,0.81375,0.18625
3747,5277-ZLOOR,1,0.40606060606060607,0.593939393939394
2294,3279-DYZQM,0,0.7121535181236673,0.2878464818763326
6237,8819-IMISP,0,0.8168674698795181,0.18313253012048192
6129,8679-LZBMD,0,0.7121535181236673,0.2878464818763326
3831,5382-TEMLV,0,0.8168674698795181,0.18313253012048192
5214,7337-CINUD,0,0.7258566978193146,0.27414330218068533
6293,8903-XEBGX,0,0.7121535181236673,0.2878464818763326
3774,5312-IRCFR,0,0.81375,0.18625
6446,9127-QRZMH,0,0.8168674698795181,0.18313253012048192
4784,6728-WYQBC,0,0.7121535181236673,0.2878464818763326
1012,1460-UZPRJ,0,0.7121535181236673,0.2878464818763326
4118,5827-MWCZK,0,0.8168674698795181,0.18313253012048192
3587,5084-OOVCJ,0,0.81375,0.18625
4725,6653-CBBOM,0,0.7258566978193146,0.27414330218068533
4058,5716-EZXZN,0,0.81375,0.18625
2640,3752-CQSJI,0,0.7258566978193146,0.27414330218068533
1138,1676-MQAOA,0,0.8168674698795181,0.18313253012048192
1007,1455-ESIQH,0,0.7121535181236673,0.2878464818763326
1151,1697-BCSHV,0,0.81375,0.18625
2451,3511-APPBJ,0,0.8168674698795181,0.18313253012048192
3006,4302-ZYFEL,0,0.7121535181236673,0.2878464818763326
1793,2616-UUTFK,0,0.8168674698795181,0.18313253012048192
4573,6447-EGDIV,0,0.7258566978193146,0.27414330218068533
4347,6131-FOYAS,0,0.8168674698795181,0.18313253012048192
5791,8152-UOBNY,0,0.7348066298342542,0.26519337016574585
6815,9677-AVKED,0,0.81375,0.18625
2415,3454-JFUBC,0,0.5,0.5
1882,2729-VNVAP,0,0.7258566978193146,0.27414330218068533
5165,7268-IGMFD,0,0.5,0.5
5607,7895-VONWT,0,0.7258566978193146,0.27414330218068533
1775,2592-YKDIF,0,0.7258566978193146,0.27414330218068533
6315,8942-DBMHZ,0,0.7121535181236673,0.2878464818763326
6558,9314-QDMDW,0,0.8168674698795181,0.18313253012048192
2016,2908-WGAXL,0,0.7258566978193146,0.27414330218068533
974,1407-DIGZV,0,0.7258566978193146,0.27414330218068533
2303,3296-SILRA,0,0.7348066298342542,0.26519337016574585
2018,2911-IJORQ,0,0.8168674698795181,0.18313253012048192
6763,9602-WCXPI,0,0.7121535181236673,0.2878464818763326
2364,3389-KTRXV,0,0.7258566978193146,0.27414330218068533
1486,2192-OZITF,0,0.81375,0.18625
1202,1768-HNVGJ,0,0.7348066298342542,0.26519337016574585
5198,7315-WYOAW,0,0.7121535181236673,0.2878464818763326
3252,4652-ODEVH,0,0.7121535181236673,0.2878464818763326
4265,6005-OBZPH,0,0.7348066298342542,0.26519337016574585
2164,3096-WPXBT,0,0.81375,0.18625
3658,5170-PTRKA,0,0.81375,0.18625
3729,5244-IRFIH,0,0.5,0.5
6368,9026-LHEVG,0,0.81375,0.18625
5552,7817-BOQPW,0,0.7258566978193146,0.27414330218068533
3547,5027-XWQHA,0,0.7121535181236673,0.2878464818763326
4933,6946-LMSQS,0,0.6808510638297872,0.3191489361702128
4966,6988-CJEYV,0,0.8168674698795181,0.18313253012048192
6106,8645-KWHJO,0,0.7121535181236673,0.2878464818763326
5069,7129-AZJDE,0,0.7121535181236673,0.2878464818763326
1744,2541-YGPKE,0,0.8168674698795181,0.18313253012048192
5482,7717-BICXI,0,0.7121535181236673,0.2878464818763326
4115,5820-PTRYM,0,0.7348066298342542,0.26519337016574585
4462,6289-CPNLD,0,0.7121535181236673,0.2878464818763326
5376,7593-JNWRU,0,0.7121535181236673,0.2878464818763326
4582,6464-KEXXH,0,0.7121535181236673,0.2878464818763326
613,0898-XCGTF,0,0.7121535181236673,0.2878464818763326
6233,8815-LMFLX,0,0.7121535181236673,0.2878464818763326
874,1265-ZFOSD,0,0.81375,0.18625
6832,9705-IOVQQ,0,0.6808510638297872,0.3191489361702128
6974,9896-UYMIE,0,0.8168674698795181,0.18313253012048192
4317,6087-YPWHO,0,0.8168674698795181,0.18313253012048192
6953,9863-JZAIC,0,0.7121535181236673,0.2878464818763326
2571,3675-YDUPJ,0,0.7121535181236673,0.2878464818763326
3476,4925-LMHOK,0,0.8168674698795181,0.18313253012048192
3004,4299-SIMNS,0,0.8168674698795181,0.18313253012048192
2592,3705-PSNGL,0,0.7121535181236673,0.2878464818763326
4613,6505-OZNPG,0,0.81375,0.18625
2187,3133-PZNSR,0,0.8168674698795181,0.18313253012048192
6880,9774-NRNAU,0,0.6808510638297872,0.3191489361702128
588,0867-LDTTC,0,0.7121535181236673,0.2878464818763326
3119,4472-VESGY,0,0.81375,0.18625
1671,2434-EEVDB,0,0.81375,0.18625
4623,6518-LGAOV,0,0.7258566978193146,0.27414330218068533
218,0334-ZFJSR,0,0.81375,0.18625
4368,6164-HAQTX,0,0.8168674698795181,0.18313253012048192
4485,6331-EWIEB,0,0.7121535181236673,0.2878464818763326
4742,6682-VCIXC,0,0.81375,0.18625
451,0661-XEYAN,1,0.40606060606060607,0.593939393939394
4002,5647-URDKA,0,0.7121535181236673,0.2878464818763326
5786,8148-NLEGT,0,0.7258566978193146,0.27414330218068533
6682,9498-FIMXL,0,0.7258566978193146,0.27414330218068533
6206,8778-LMWTJ,0,0.81375,0.18625
560,0824-VWDPO,0,0.81375,0.18625
2875,4097-YODCF,0,0.8168674698795181,0.18313253012048192
6408,9073-ZZIAY,0,0.8168674698795181,0.18313253012048192
5773,8120-JDCAM,0,0.7121535181236673,0.2878464818763326
3353,4782-OSFXZ,0,0.7348066298342542,0.26519337016574585
6769,9611-CTWIH,0,0.7258566978193146,0.27414330218068533
6826,9696-RMYBA,0,0.7121535181236673,0.2878464818763326
3138,4503-BDXBD,0,0.8168674698795181,0.18313253012048192
6968,9888-ZCUMM,0,0.8168674698795181,0.18313253012048192
163,0265-EDXBD,0,0.5,0.5
6148,8710-YGLWG,0,0.7121535181236673,0.2878464818763326
6028,8535-SFUTN,0,0.8168674698795181,0.18313253012048192
4905,6906-ANDWJ,0,0.7121535181236673,0.2878464818763326
1270,1877-HKBQX,0,0.81375,0.18625
938,1357-BIJKI,0,0.8168674698795181,0.18313253012048192
1224,1813-JYWTO,0,0.81375,0.18625
2137,3069-SSVSN,0,0.7258566978193146,0.27414330218068533
6860,9746-UGFAC,0,0.7258566978193146,0.27414330218068533
406,0603-TPMIB,0,0.7258566978193146,0.27414330218068533
1255,1853-UDXBW,0,0.7121535181236673,0.2878464818763326
5566,7841-FCRQD,0,0.81375,0.18625
6378,9039-RBEEE,0,0.8168674698795181,0.18313253012048192
6386,9052-DHNKM,0,0.8168674698795181,0.18313253012048192
1293,1925-TIBLE,0,0.7258566978193146,0.27414330218068533
5388,7601-DHFWZ,0,0.7258566978193146,0.27414330218068533
3779,5317-FLPJF,0,0.81375,0.18625
786,1142-WACZW,0,0.7121535181236673,0.2878464818763326
4743,6683-VLCTZ,0,0.5,0.5
6496,9210-IAHGH,0,0.7258566978193146,0.27414330218068533
593,0871-OPBXW,0,0.7258566978193146,0.27414330218068533
1135,1666-JXLKU,0,0.7258566978193146,0.27414330218068533
3837,5389-FFVKB,0,0.5,0.5
943,1363-TXLSL,0,0.5,0.5
5891,8286-AFUYI,0,0.8168674698795181,0.18313253012048192
5613,7905-NJMXS,0,0.6808510638297872,0.3191489361702128
5686,8012-SOUDQ,0,0.7348066298342542,0.26519337016574585
4838,6818-DJXAA,0,0.7258566978193146,0.27414330218068533
1570,2279-AXJJK,0,0.8168674698795181,0.18313253012048192
5536,7797-EJMDP,0,0.81375,0.18625
4985,7010-ZMVBF,0,0.7258566978193146,0.27414330218068533
1808,2639-UGMAZ,0,0.6808510638297872,0.3191489361702128
95,0164-APGRB,0,0.81375,0.18625
635,0929-PECLO,1,0.40606060606060607,0.593939393939394
3666,5175-AOBHI,0,0.7258566978193146,0.27414330218068533
373,0556-FJEGU,0,0.8168674698795181,0.18313253012048192
6451,9134-WYRVP,0,0.8168674698795181,0.18313253012048192
2823,4013-GUXND,0,0.7121535181236673,0.2878464818763326
4276,6023-GSSXW,0,0.81375,0.18625
115,0201-OAMXR,0,0.81375,0.18625
3194,4578-PHJYZ,0,0.8168674698795181,0.18313253012048192
4266,6007-TCTST,0,0.81375,0.18625
3220,4616-ULAOA,0,0.81375,0.18625
2390,3420-YJLQT,0,0.81375,0.18625
5331,7529-ZDFXI,0,0.6808510638297872,0.3191489361702128
812,1184-PJVDB,0,0.7121535181236673,0.2878464818763326
2832,4024-CSNBY,0,0.81375,0.18625
5849,8224-IVVPA,0,0.81375,0.18625
3260,4660-IRIBM,0,0.8168674698795181,0.18313253012048192
504,0734-OXWBT,0,0.7121535181236673,0.2878464818763326
4804,6754-LZUKA,0,0.8168674698795181,0.18313253012048192
4514,6365-HITVU,0,0.81375,0.18625
4164,5887-IKKYO,0,0.7121535181236673,0.2878464818763326
3840,5393-RXQSZ,0,0.7121535181236673,0.2878464818763326
1024,1480-BKXGA,0,0.6808510638297872,0.3191489361702128
2037,2931-SVLTV,0,0.8168674698795181,0.18313253012048192
1685,2455-USLMV,0,0.81375,0.18625
6523,9254-RBFON,0,0.7258566978193146,0.27414330218068533
5730,8065-QBYTO,0,0.7348066298342542,0.26519337016574585
5486,7721-JXEAW,0,0.8168674698795181,0.18313253012048192
5530,7786-WBJYI,0,0.81375,0.18625
1918,2792-VPPET,0,0.7121535181236673,0.2878464818763326
2632,3744-ZRRDZ,0,0.8168674698795181,0.18313253012048192
3478,4927-WWOOZ,0,0.7121535181236673,0.2878464818763326
1622,2361-UPSND,0,0.81375,0.18625
6865,9753-OYLBX,0,0.7258566978193146,0.27414330218068533
5499,7742-MYPGI,0,0.7258566978193146,0.27414330218068533
6788,9633-XQABV,0,0.7258566978193146,0.27414330218068533
840,1222-KJNZD,0,0.7121535181236673,0.2878464818763326
1990,2876-VBBBL,0,0.7258566978193146,0.27414330218068533
5208,7325-ENZFI,0,0.81375,0.18625
3962,5575-GNVDE,0,0.8168674698795181,0.18313253012048192
5263,7410-YTJIK,0,0.7258566978193146,0.27414330218068533
4397,6199-IPCAO,0,0.7258566978193146,0.27414330218068533
6711,9530-GRMJG,0,0.8168674698795181,0.18313253012048192
2412,3452-GWUIN,1,0.40606060606060607,0.593939393939394
1637,2379-ENZGV,0,0.8168674698795181,0.18313253012048192
4890,6892-EZDTG,0,0.81375,0.18625
1796,2623-DRYAM,0,0.7258566978193146,0.27414330218068533
3109,4456-RHSNB,0,0.7258566978193146,0.27414330218068533
3689,5198-EFNBM,0,0.6808510638297872,0.3191489361702128
43,0074-HDKDG,0,0.8168674698795181,0.18313253012048192
6320,8946-BFWSG,0,0.7121535181236673,0.2878464818763326
5307,7501-VTYLJ,0,0.81375,0.18625
6965,9885-AIBVB,0,0.8168674698795181,0.18313253012048192
4545,6407-UTSLV,0,0.7348066298342542,0.26519337016574585
4877,6870-ZWMNX,0,0.8168674698795181,0.18313253012048192
5336,7537-RBWEA,0,0.7258566978193146,0.27414330218068533
1740,2533-QVMSK,0,0.8168674698795181,0.18313253012048192
1835,2672-TGEFF,0,0.81375,0.18625
5279,7446-YPODE,0,0.6808510638297872,0.3191489361702128
6218,8788-DOXSU,0,0.7121535181236673,0.2878464818763326
2989,4282-YMKNA,0,0.7258566978193146,0.27414330218068533
4770,6713-OKOMC,0,0.81375,0.18625
4254,5995-SNNEW,0,0.6808510638297872,0.3191489361702128
4594,6479-SZPLM,0,0.7121535181236673,0.2878464818763326
1159,1703-MGIAB,0,0.7258566978193146,0.27414330218068533
782,1137-DGOWI,0,0.81375,0.18625
7003,9938-PRCVK,0,0.7258566978193146,0.27414330218068533
1365,2027-FECZV,0,0.8168674698795181,0.18313253012048192
2254,3221-CJMSG,0,0.7121535181236673,0.2878464818763326
5440,7660-HDPJV,0,0.7258566978193146,0.27414330218068533
764,1112-CUNAO,0,0.7348066298342542,0.26519337016574585
5146,7242-QZLXF,0,0.7121535181236673,0.2878464818763326
1629,2371-JQHZZ,0,0.7121535181236673,0.2878464818763326
6681,9497-QCMMS,0,0.5,0.5
3981,5609-CEBID,0,0.7348066298342542,0.26519337016574585
5802,8167-GJLRN,0,0.7121535181236673,0.2878464818763326
1836,2673-CXQEU,0,0.7348066298342542,0.26519337016574585
545,0804-YGEQV,0,0.7258566978193146,0.27414330218068533
2580,3688-FTHLT,0,0.7258566978193146,0.27414330218068533
4378,6173-GOLSU,0,0.5,0.5
2288,3269-ATYWD,0,0.5,0.5
5945,8383-SGHJU,0,0.81375,0.18625
2087,2995-UPRYS,0,0.7348066298342542,0.26519337016574585
2306,3301-VKTGC,0,0.8168674698795181,0.18313253012048192
882,1273-MTETI,1,0.40606060606060607,0.593939393939394
3866,5442-PPTJY,0,0.7121535181236673,0.2878464818763326
5102,7168-HDQHG,0,0.7258566978193146,0.27414330218068533
3189,4568-TTZRT,0,0.7121535181236673,0.2878464818763326
3748,5278-PNYOX,0,0.7258566978193146,0.27414330218068533
5010,7037-MTYVW,0,0.8168674698795181,0.18313253012048192
5867,8246-SHFGA,0,0.7121535181236673,0.2878464818763326
608,0895-DQHEW,0,0.8168674698795181,0.18313253012048192
6424,9097-ZUBYC,0,0.7121535181236673,0.2878464818763326
6508,9231-ZJYAM,1,0.40606060606060607,0.593939393939394
6211,8780-RSYYU,0,0.7258566978193146,0.27414330218068533
5648,7964-YESJC,0,0.81375,0.18625
5666,7989-CHGTL,0,0.7121535181236673,0.2878464818763326
962,1395-WSWXR,0,0.7121535181236673,0.2878464818763326
4280,6029-WTIPC,0,0.5,0.5
5672,7995-ZHHNZ,0,0.8168674698795181,0.18313253012048192
5526,7781-EWARA,0,0.8168674698795181,0.18313253012048192
2335,3345-JHUEO,0,0.7121535181236673,0.2878464818763326
4753,6692-YQHXC,0,0.7121535181236673,0.2878464818763326
2295,3280-MRDOF,0,0.5,0.5
6992,9921-ZVRHG,0,0.7258566978193146,0.27414330218068533
2691,3814-MLAXC,0,0.7258566978193146,0.27414330218068533
813,1187-WILMM,0,0.8168674698795181,0.18313253012048192
3820,5372-FBKBN,0,0.7258566978193146,0.27414330218068533
2998,4291-TPNFG,0,0.8168674698795181,0.18313253012048192
2478,3546-GHEAE,0,0.7121535181236673,0.2878464818763326
3556,5039-LZRQT,0,0.7258566978193146,0.27414330218068533
91,0147-ESWWR,1,0.40606060606060607,0.593939393939394
317,0471-ARVMX,0,0.7348066298342542,0.26519337016574585
589,0867-MKZVY,0,0.81375,0.18625
1647,2391-SOORI,0,0.8168674698795181,0.18313253012048192
5348,7554-AKDQF,0,0.7258566978193146,0.27414330218068533
3096,4439-YRNVD,0,0.81375,0.18625
6220,8792-AOROI,0,0.81375,0.18625
2988,4282-MSACW,0,0.8168674698795181,0.18313253012048192
4261,5998-VVEJY,0,0.7121535181236673,0.2878464818763326
975,1409-PHXTF,0,0.6808510638297872,0.3191489361702128
6577,9351-LZYGF,0,0.81375,0.18625
2057,2960-NKRSO,0,0.8168674698795181,0.18313253012048192
4144,5857-XRECV,0,0.7258566978193146,0.27414330218068533
6800,9648-BCHKM,0,0.7258566978193146,0.27414330218068533
819,1196-AMORA,0,0.7121535181236673,0.2878464818763326
6227,8807-ARQET,0,0.81375,0.18625
3320,4727-MCYZG,0,0.7121535181236673,0.2878464818763326
894,1303-SRDOK,0,0.7258566978193146,0.27414330218068533
1558,2272-JKMSI,0,0.81375,0.18625
466,0680-DFNNY,0,0.7121535181236673,0.2878464818763326
4591,6476-YHMGA,0,0.81375,0.18625
4970,6993-YCOBK,0,0.8168674698795181,0.18313253012048192
5978,8430-TWCBX,0,0.7258566978193146,0.27414330218068533
4203,5935-FCCNB,1,0.40606060606060607,0.593939393939394
3604,5117-ZSMHQ,0,0.81375,0.18625
5385,7598-UAASY,0,0.7121535181236673,0.2878464818763326
6977,9903-LYSAB,0,0.7121535181236673,0.2878464818763326
5766,8108-UXRQN,0,0.81375,0.18625
2323,3320-VEOYC,0,0.5,0.5
6026,8519-QJGJD,0,0.7258566978193146,0.27414330218068533
3408,4829-ZLJTK,0,0.7348066298342542,0.26519337016574585
3008,4304-XUMGI,0,0.6808510638297872,0.3191489361702128
2802,3985-HOYPM,0,0.7121535181236673,0.2878464818763326
3105,4451-RWASJ,0,0.7121535181236673,0.2878464818763326
4818,6776-TLWOI,0,0.7121535181236673,0.2878464818763326
5546,7812-FZHPE,0,0.7258566978193146,0.27414330218068533
129,0221-WMXNQ,0,0.6808510638297872,0.3191489361702128
4392,6195-MELTI,0,0.8168674698795181,0.18313253012048192
6400,9065-ZCPQX,0,0.8168674698795181,0.18313253012048192
6885,9778-OGKQZ,0,0.8168674698795181,0.18313253012048192
221,0337-CNPZE,0,0.81375,0.18625
4782,6728-DKUCO,0,0.81375,0.18625
4502,6348-SNFUS,0,0.8168674698795181,0.18313253012048192
6869,9761-XUJWD,0,0.8168674698795181,0.18313253012048192
3516,4986-MXSFP,0,0.7258566978193146,0.27414330218068533
3165,4538-WNTMJ,0,0.7258566978193146,0.27414330218068533
4810,6769-DCQLI,0,0.8168674698795181,0.18313253012048192
2797,3978-YNKDD,0,0.7121535181236673,0.2878464818763326
3573,5062-CJJKH,0,0.8168674698795181,0.18313253012048192
4017,5663-QBGIS,0,0.6808510638297872,0.3191489361702128
6034,8547-NSBBO,0,0.8168674698795181,0.18313253012048192
2907,4139-DETXS,0,0.81375,0.18625
4340,6122-LJADA,0,0.8168674698795181,0.18313253012048192
1267,1871-MOWRM,0,0.8168674698795181,0.18313253012048192
1721,2509-TFPJU,0,0.7121535181236673,0.2878464818763326
6044,8564-LDKFL,0,0.8168674698795181,0.18313253012048192
3398,4825-FUREZ,0,0.7121535181236673,0.2878464818763326
1520,2230-XTUWL,0,0.7258566978193146,0.27414330218068533
5065,7124-UGSUR,0,0.7348066298342542,0.26519337016574585
4792,6734-GMPVK,0,0.8168674698795181,0.18313253012048192
238,0365-GXEZS,0,0.7121535181236673,0.2878464818763326
6038,8559-CIZFV,0,0.8168674698795181,0.18313253012048192
491,0722-TROQR,1,0.40606060606060607,0.593939393939394
4100,5795-KTGUD,0,0.81375,0.18625
1501,2207-RYYRL,0,0.7121535181236673,0.2878464818763326
4217,5951-AOFIH,0,0.8168674698795181,0.18313253012048192
2070,2979-SXESE,0,0.81375,0.18625
2061,2968-SSGAA,0,0.7258566978193146,0.27414330218068533
5179,7284-BUYEC,0,0.81375,0.18625
5024,7061-OVMIM,0,0.7258566978193146,0.27414330218068533
2027,2925-MXLSX,0,0.81375,0.18625
2172,3104-OWCGK,0,0.8168674698795181,0.18313253012048192
6604,9388-ZEYVT,0,0.7121535181236673,0.2878464818763326
512,0744-GKNGE,0,0.81375,0.18625
1741,2533-TIBIX,0,0.8168674698795181,0.18313253012048192
4498,6345-FZOQH,0,0.7121535181236673,0.2878464818763326
995,1447-GIQMR,0,0.7121535181236673,0.2878464818763326
4404,6210-KBBPI,0,0.6808510638297872,0.3191489361702128
6884,9777-WJJPR,0,0.7121535181236673,0.2878464818763326
4076,5756-OZRIO,0,0.6808510638297872,0.3191489361702128
5512,7762-URZQH,0,0.8168674698795181,0.18313253012048192
405,0603-OLQDC,0,0.8168674698795181,0.18313253012048192
3544,5022-KVDQT,0,0.7121535181236673,0.2878464818763326
3080,4415-IJZTP,0,0.7258566978193146,0.27414330218068533
736,1086-LXKFY,0,0.7258566978193146,0.27414330218068533
6482,9174-IHETN,0,0.7258566978193146,0.27414330218068533
3433,4869-EPIUS,0,0.7121535181236673,0.2878464818763326
3752,5287-QWLKY,0,0.6808510638297872,0.3191489361702128
1512,2223-GDSHL,0,0.8168674698795181,0.18313253012048192
669,0979-MOZQI,0,0.7121535181236673,0.2878464818763326
914,1333-PBMXB,0,0.7258566978193146,0.27414330218068533
4639,6546-OPBBH,0,0.7121535181236673,0.2878464818763326
3054,4369-NYSCF,0,0.8168674698795181,0.18313253012048192
2259,3229-USWAR,0,0.81375,0.18625
3661,5172-RKOCB,0,0.8168674698795181,0.18313253012048192
6258,8857-CUPFQ,0,0.7121535181236673,0.2878464818763326
1890,2740-TVLFN,0,0.7121535181236673,0.2878464818763326
921,1337-BOZWO,0,0.8168674698795181,0.18313253012048192
5559,7825-GKXMW,0,0.7258566978193146,0.27414330218068533
375,0559-CKHUS,0,0.7258566978193146,0.27414330218068533
4149,5868-CZJDR,0,0.8168674698795181,0.18313253012048192
3390,4819-HJPIW,0,0.7121535181236673,0.2878464818763326
4126,5835-BEQEU,0,0.7121535181236673,0.2878464818763326
2255,3223-DWFIO,0,0.5,0.5
825,1207-BLKSA,0,0.7258566978193146,0.27414330218068533
3881,5453-YBTWV,0,0.8168674698795181,0.18313253012048192
294,0432-CAJZV,0,0.7121535181236673,0.2878464818763326
792,1156-ZFYDO,0,0.7258566978193146,0.27414330218068533
3678,5186-PEIZU,0,0.7258566978193146,0.27414330218068533
2677,3800-LYTRK,0,0.81375,0.18625
1898,2754-XBHTB,0,0.7258566978193146,0.27414330218068533
5532,7789-CRUVC,0,0.7348066298342542,0.26519337016574585
4801,6746-WAUWT,0,0.7121535181236673,0.2878464818763326
6373,9029-FEGVJ,1,0.40606060606060607,0.593939393939394
5992,8450-UYIBU,1,0.40606060606060607,0.593939393939394
6271,8874-EJNSR,0,0.7121535181236673,0.2878464818763326
673,0983-TATYJ,0,0.7258566978193146,0.27414330218068533
3455,4897-QSUYC,0,0.7258566978193146,0.27414330218068533
1674,2439-QKJUL,0,0.7121535181236673,0.2878464818763326
3915,5512-IDZEI,0,0.7121535181236673,0.2878464818763326
6037,8552-OBVRU,0,0.7348066298342542,0.26519337016574585
6871,9763-GRSKD,0,0.8168674698795181,0.18313253012048192
4936,6953-PBDIN,0,0.8168674698795181,0.18313253012048192
4122,5832-EXGTT,0,0.8168674698795181,0.18313253012048192
4941,6960-HVYXR,0,0.7258566978193146,0.27414330218068533
5898,8295-KMENE,0,0.81375,0.18625
801,1169-WCVAK,0,0.8168674698795181,0.18313253012048192
3111,4459-BBGHE,0,0.7121535181236673,0.2878464818763326
5188,7298-IZWLY,0,0.7258566978193146,0.27414330218068533
4449,6267-DCFFZ,0,0.7348066298342542,0.26519337016574585
1423,2096-XOTMO,0,0.7258566978193146,0.27414330218068533
5323,7519-JTWQH,0,0.81375,0.18625
7026,9970-QBCDA,0,0.7258566978193146,0.27414330218068533
5160,7253-UVNDW,0,0.7258566978193146,0.27414330218068533
3623,5135-RDDQL,0,0.81375,0.18625
1014,1465-VINDH,0,0.81375,0.18625
5488,7722-VJRQD,0,0.8168674698795181,0.18313253012048192
1521,2232-DMLXU,0,0.7258566978193146,0.27414330218068533
27,0040-HALCW,0,0.7121535181236673,0.2878464818763326
5330,7527-QNRUS,0,0.7121535181236673,0.2878464818763326
393,0581-BXBUB,0,0.7348066298342542,0.26519337016574585
5755,8097-OMULG,0,0.8168674698795181,0.18313253012048192
6538,9281-PKKZE,0,0.7258566978193146,0.27414330218068533
1406,2077-DDHJK,0,0.81375,0.18625
807,1174-FGIFN,0,0.7258566978193146,0.27414330218068533
487,0709-TVGUR,1,0.40606060606060607,0.593939393939394
3715,5227-JSCFE,0,0.6808510638297872,0.3191489361702128
5881,8266-VBFQL,0,0.7121535181236673,0.2878464818763326
6141,8705-DWKTI,0,0.7121535181236673,0.2878464818763326
619,0907-HQNTS,0,0.7348066298342542,0.26519337016574585
592,0870-VEMYL,0,0.81375,0.18625
5813,8183-ONMXC,0,0.7258566978193146,0.27414330218068533
4029,5681-LLOEI,0,0.8168674698795181,0.18313253012048192
987,1431-AIDJQ,0,0.8168674698795181,0.18313253012048192
3643,5151-HQRDG,0,0.8168674698795181,0.18313253012048192
2922,4174-LPGTI,0,0.81375,0.18625
6810,9667-TKTVZ,0,0.7258566978193146,0.27414330218068533
3341,4760-THGOT,0,0.81375,0.18625
1515,2226-ICFDO,0,0.81375,0.18625
5031,7074-IEVOJ,0,0.7348066298342542,0.26519337016574585
2135,3067-SVMTC,0,0.81375,0.18625
2010,2898-MRKPI,0,0.8168674698795181,0.18313253012048192
4701,6625-IUTTT,0,0.8168674698795181,0.18313253012048192
262,0390-DCFDQ,1,0.40606060606060607,0.593939393939394
3610,5124-EOGYE,0,0.7121535181236673,0.2878464818763326
5171,7273-TEFQD,0,0.5,0.5
3986,5619-XZZKR,0,0.7121535181236673,0.2878464818763326
3025,4324-BZCKL,0,0.81375,0.18625
1010,1456-TWCGB,0,0.8168674698795181,0.18313253012048192
180,0295-PPHDO,0,0.7121535181236673,0.2878464818763326
2675,3798-EPWRR,1,0.40606060606060607,0.593939393939394
5246,7395-XWZOY,0,0.8168674698795181,0.18313253012048192
6196,8763-KIAFH,0,0.7258566978193146,0.27414330218068533
5973,8414-OOEEL,0,0.8168674698795181,0.18313253012048192
4168,5893-PYOLZ,0,0.8168674698795181,0.18313253012048192
500,0730-KOAVE,0,0.8168674698795181,0.18313253012048192
607,0887-WBJVH,0,0.7258566978193146,0.27414330218068533
2373,3398-ZOUAA,0,0.5,0.5
1009,1455-UGQVH,0,0.7121535181236673,0.2878464818763326
2582,3692-JHONH,0,0.7348066298342542,0.26519337016574585
2378,3404-JNXAX,0,0.7258566978193146,0.27414330218068533
6261,8859-YSTWS,0,0.7121535181236673,0.2878464818763326
2577,3682-YEUWS,0,0.7121535181236673,0.2878464818763326
4852,6839-ITVZJ,0,0.81375,0.18625
1456,2150-UWTFY,0,0.81375,0.18625
4092,5781-RFZRP,0,0.8168674698795181,0.18313253012048192
2633,3745-HRPHI,0,0.7121535181236673,0.2878464818763326
4899,6899-PPEEA,1,0.40606060606060607,0.593939393939394
3240,4636-OLWOE,0,0.8168674698795181,0.18313253012048192
3574,5063-IUOKK,0,0.7121535181236673,0.2878464818763326
2371,3398-FSHON,0,0.7348066298342542,0.26519337016574585
3805,5351-QESIO,0,0.7121535181236673,0.2878464818763326
6899,9796-MVYXX,0,0.7348066298342542,0.26519337016574585
264,0394-YONDK,0,0.7121535181236673,0.2878464818763326
1993,2878-RMWXY,0,0.6808510638297872,0.3191489361702128
6423,9095-HFAFX,0,0.7258566978193146,0.27414330218068533
6485,9185-TQCVP,0,0.7121535181236673,0.2878464818763326
3218,4615-PIVVU,0,0.7258566978193146,0.27414330218068533
2411,3452-FLHYD,0,0.7121535181236673,0.2878464818763326
1809,2640-LYMOV,0,0.7121535181236673,0.2878464818763326
3289,4697-LUPSU,0,0.7121535181236673,0.2878464818763326
2006,2894-QOJRX,0,0.7258566978193146,0.27414330218068533
6232,8812-ZRHFP,0,0.7258566978193146,0.27414330218068533
5882,8267-KFGYD,0,0.7121535181236673,0.2878464818763326
1118,1635-FJFCC,0,0.7258566978193146,0.27414330218068533
5429,7639-SUPCW,0,0.81375,0.18625
3131,4488-PSYCG,0,0.7121535181236673,0.2878464818763326
5819,8190-ZTQFB,0,0.7121535181236673,0.2878464818763326
2100,3011-WQKSZ,0,0.7121535181236673,0.2878464818763326
3005,4301-VVZKA,0,0.7121535181236673,0.2878464818763326
3201,4587-NUKOX,0,0.81375,0.18625
704,1038-ZAGBI,0,0.7258566978193146,0.27414330218068533
3279,4685-TFLLS,0,0.7121535181236673,0.2878464818763326
5113,7188-CBBBA,0,0.81375,0.18625
2534,3629-WEAAM,0,0.7258566978193146,0.27414330218068533
2204,3160-TYXLT,0,0.8168674698795181,0.18313253012048192
5361,7570-WELNY,0,0.81375,0.18625
230,0356-OBMAC,0,0.7348066298342542,0.26519337016574585
2274,3251-YMVWZ,0,0.7121535181236673,0.2878464818763326
5294,7473-ZBDSN,0,0.7258566978193146,0.27414330218068533
4307,6075-QMNRR,0,0.81375,0.18625
6752,9585-KKMFD,0,0.7121535181236673,0.2878464818763326
304,0447-BEMNG,0,0.81375,0.18625
2519,3597-YASZG,0,0.7348066298342542,0.26519337016574585
2270,3247-MHJKM,0,0.7121535181236673,0.2878464818763326
4235,5976-JCJRH,0,0.7121535181236673,0.2878464818763326
68,0114-IGABW,0,0.81375,0.18625
5639,7951-QKZPL,0,0.7258566978193146,0.27414330218068533
2927,4182-BGSIQ,0,0.7258566978193146,0.27414330218068533
1274,1894-IGFSG,0,0.7258566978193146,0.27414330218068533
5753,8095-WANWK,0,0.7258566978193146,0.27414330218068533
4572,6445-TNRXS,0,0.8168674698795181,0.18313253012048192
2619,3727-OVPRY,0,0.7121535181236673,0.2878464818763326
606,0887-HJGAR,0,0.7121535181236673,0.2878464818763326
25,0032-PGELS,0,0.81375,0.18625
5326,7521-YXVZY,0,0.7121535181236673,0.2878464818763326
5369,7579-OOPEC,0,0.7348066298342542,0.26519337016574585
6584,9360-OMDZZ,0,0.7121535181236673,0.2878464818763326
5609,7901-HXJVA,0,0.7121535181236673,0.2878464818763326
6172,8739-WWKDU,0,0.6808510638297872,0.3191489361702128
2423,3468-DRVQJ,0,0.81375,0.18625
5549,7814-LEEVE,0,0.7258566978193146,0.27414330218068533
3460,4905-JEFDW,0,0.7121535181236673,0.2878464818763326
4862,6854-EXGSF,0,0.81375,0.18625
5970,8413-VONUO,0,0.8168674698795181,0.18313253012048192
58,0100-DUVFC,0,0.6808510638297872,0.3191489361702128
6605,9389-ACWBI,0,0.7258566978193146,0.27414330218068533
4641,6549-NNDYT,0,0.81375,0.18625
4059,5716-LIBJC,0,0.81375,0.18625
2764,3934-HXCFZ,0,0.8168674698795181,0.18313253012048192
1903,2773-MADBQ,0,0.81375,0.18625
5506,7753-USQYQ,0,0.8168674698795181,0.18313253012048192
3343,4763-PGDPO,0,0.7258566978193146,0.27414330218068533
4819,6777-TGHTM,0,0.81375,0.18625
4522,6371-NZYEG,0,0.8168674698795181,0.18313253012048192
3906,5495-GPSRW,0,0.7121535181236673,0.2878464818763326
1511,2220-IAHLS,0,0.7258566978193146,0.27414330218068533
3211,4607-CHPCA,0,0.7121535181236673,0.2878464818763326
6229,8808-ELEHO,0,0.5,0.5
1063,1552-AAGRX,0,0.81375,0.18625
4083,5766-XQXMQ,0,0.81375,0.18625
6394,9058-CBREO,1,0.40606060606060607,0.593939393939394
4218,5954-BDFSG,0,0.7258566978193146,0.27414330218068533
2083,2988-QRAJY,0,0.8168674698795181,0.18313253012048192
1529,2236-HILPA,0,0.7121535181236673,0.2878464818763326
6823,9692-TUSXH,0,0.81375,0.18625
3562,5049-GLYVG,0,0.7121535181236673,0.2878464818763326
4894,6896-SRVYQ,0,0.5,0.5
4451,6275-YDUVO,0,0.7258566978193146,0.27414330218068533
6663,9480-BQJEI,0,0.8168674698795181,0.18313253012048192
4544,6407-GSJNL,0,0.7258566978193146,0.27414330218068533
6370,9027-TMATR,0,0.81375,0.18625
1285,1910-FMXJM,0,0.7258566978193146,0.27414330218068533
6845,9722-UJOJR,0,0.7121535181236673,0.2878464818763326
2703,3845-FXCYS,0,0.7121535181236673,0.2878464818763326
1242,1840-BIUOG,0,0.8168674698795181,0.18313253012048192
1959,2834-SPCJV,0,0.8168674698795181,0.18313253012048192
5157,7251-LJBQN,1,0.40606060606060607,0.593939393939394
6362,9003-CPATH,0,0.7121535181236673,0.2878464818763326
2900,4132-KALRO,0,0.7258566978193146,0.27414330218068533
6511,9237-HQITU,0,0.7258566978193146,0.27414330218068533
3018,4318-RAJVY,0,0.7258566978193146,0.27414330218068533
2391,3420-ZDBMA,0,0.5,0.5
1601,2330-PQGDQ,0,0.8168674698795181,0.18313253012048192
5001,7028-DVOIQ,0,0.5,0.5
2843,4057-FKCZK,0,0.7121535181236673,0.2878464818763326
3439,4877-TSOFF,0,0.81375,0.18625
5220,7346-MEDWM,0,0.81375,0.18625
3021,4323-ELYYB,0,0.7121535181236673,0.2878464818763326
1569,2277-VWCNI,1,0.40606060606060607,0.593939393939394
3614,5129-HHMZC,0,0.81375,0.18625
528,0774-RMNUW,0,0.81375,0.18625
5688,8016-NCFVO,0,0.6808510638297872,0.3191489361702128
2025,2923-ARZLG,0,0.7121535181236673,0.2878464818763326
4563,6434-TTGJP,0,0.8168674698795181,0.18313253012048192
3233,4631-OACRM,0,0.5,0.5
5424,7636-PEPNS,0,0.7258566978193146,0.27414330218068533
2071,2982-IHMFT,1,0.40606060606060607,0.593939393939394
5981,8434-PNQZX,0,0.7258566978193146,0.27414330218068533
6917,9820-RMCQV,0,0.81375,0.18625
731,1078-TDCRN,0,0.7348066298342542,0.26519337016574585
458,0673-IGUQO,0,0.7121535181236673,0.2878464818763326
4239,5981-ITEMU,0,0.7121535181236673,0.2878464818763326
6920,9822-BIIGN,0,0.8168674698795181,0.18313253012048192
2279,3258-SANFR,0,0.5,0.5
4219,5955-EPOAZ,0,0.7258566978193146,0.27414330218068533
1929,2805-AUFQN,0,0.7258566978193146,0.27414330218068533
1421,2091-MJTFX,0,0.7258566978193146,0.27414330218068533
7022,9964-WBQDJ,0,0.7258566978193146,0.27414330218068533
1677,2446-ZKVAF,0,0.8168674698795181,0.18313253012048192
1645,2388-LAESQ,0,0.7348066298342542,0.26519337016574585
3581,5073-WXOYN,0,0.81375,0.18625
2738,3896-RCYYE,0,0.7258566978193146,0.27414330218068533
5372,7586-ZATGZ,0,0.7121535181236673,0.2878464818763326
5930,8350-NYMVI,0,0.81375,0.18625
559,0823-HSCDJ,0,0.6808510638297872,0.3191489361702128
6535,9279-CJEOJ,1,0.40606060606060607,0.593939393939394
6174,8740-CRYFY,0,0.7121535181236673,0.2878464818763326
600,0877-SDMBN,0,0.81375,0.18625
2930,4184-TJFAN,0,0.7348066298342542,0.26519337016574585
2750,3913-FCUUW,0,0.81375,0.18625
5561,7831-QGOXH,0,0.7258566978193146,0.27414330218068533
418,0619-OLYUR,0,0.8168674698795181,0.18313253012048192
6593,9369-XFEHK,0,0.7348066298342542,0.26519337016574585
5758,8098-TDCBU,0,0.7258566978193146,0.27414330218068533
4440,6258-PVZWJ,0,0.8168674698795181,0.18313253012048192
2443,3500-RMZLT,0,0.7348066298342542,0.26519337016574585
415,0617-AQNWT,0,0.81375,0.18625
3305,4710-NKCAW,0,0.8168674698795181,0.18313253012048192
1661,2418-TPEUN,0,0.7258566978193146,0.27414330218068533
6142,8705-WZCYL,0,0.7121535181236673,0.2878464818763326
5646,7963-SHNDT,0,0.81375,0.18625
506,0742-LAFQK,0,0.8168674698795181,0.18313253012048192
1074,1565-RHDJD,0,0.81375,0.18625
3862,5440-FLBQG,0,0.6808510638297872,0.3191489361702128
1019,1471-GIQKQ,0,0.81375,0.18625
6750,9581-GVBXT,0,0.8168674698795181,0.18313253012048192
5276,7445-WMRBW,0,0.81375,0.18625
3141,4508-OEBEY,0,0.8168674698795181,0.18313253012048192
7024,9967-ATRFS,0,0.7258566978193146,0.27414330218068533
5127,7216-KAOID,0,0.7121535181236673,0.2878464818763326
4455,6284-AHOOQ,0,0.5,0.5
2635,3748-FVMZZ,0,0.7121535181236673,0.2878464818763326
17,0021-IKXGC,1,0.40606060606060607,0.593939393939394
2746,3908-BLSYF,0,0.7258566978193146,0.27414330218068533
5955,8397-MVTAZ,0,0.7121535181236673,0.2878464818763326
40,0067-DKWBL,0,0.6808510638297872,0.3191489361702128
4425,6240-EURKS,0,0.7258566978193146,0.27414330218068533
4125,5834-ASPWA,0,0.7121535181236673,0.2878464818763326
3104,4450-YOOHP,0,0.7258566978193146,0.27414330218068533
3301,4707-MAXGU,0,0.7121535181236673,0.2878464818763326
37,0060-FUALY,0,0.81375,0.18625
2136,3068-OMWZA,0,0.5,0.5
3123,4480-QQRHC,1,0.40606060606060607,0.593939393939394
1473,2178-PMGCJ,0,0.7121535181236673,0.2878464818763326
6466,9150-KPBJQ,0,0.7258566978193146,0.27414330218068533
5569,7850-THJMU,0,0.7258566978193146,0.27414330218068533
525,0771-WLCLA,0,0.81375,0.18625
2453,3512-IZIKN,0,0.81375,0.18625
6654,9469-WEJBT,0,0.7121535181236673,0.2878464818763326
5868,8249-THVEC,0,0.7121535181236673,0.2878464818763326
3158,4529-CKBCL,0,0.7258566978193146,0.27414330218068533
1401,2073-QBVBI,0,0.81375,0.18625
521,0757-WCUUZ,0,0.7121535181236673,0.2878464818763326
2273,3249-ZPQRG,0,0.8168674698795181,0.18313253012048192
5166,7268-WNTCP,0,0.7121535181236673,0.2878464818763326
2004,2890-WFBHU,0,0.81375,0.18625
2725,3877-JRJIP,0,0.7121535181236673,0.2878464818763326
5908,8316-BBQAY,0,0.81375,0.18625
6565,9330-VOFSZ,0,0.81375,0.18625
4515,6365-MTGZX,0,0.7121535181236673,0.2878464818763326
6181,8748-HFWBO,0,0.7121535181236673,0.2878464818763326
1907,2777-PHDEI,0,0.7258566978193146,0.27414330218068533
1722,2511-ALLCS,0,0.7258566978193146,0.27414330218068533
3504,4959-JOSRX,0,0.7258566978193146,0.27414330218068533
514,0748-RDGGM,0,0.8168674698795181,0.18313253012048192
5771,8118-LSUEL,0,0.6808510638297872,0.3191489361702128
755,1098-TDVUQ,0,0.7258566978193146,0.27414330218068533
2089,2996-XAUVF,0,0.7121535181236673,0.2878464818763326
4602,6485-QXWWE,0,0.7258566978193146,0.27414330218068533
6922,9822-WMWVG,0,0.81375,0.18625
3505,4962-CHQPW,0,0.7121535181236673,0.2878464818763326
1402,2074-GKOWZ,0,0.7121535181236673,0.2878464818763326
3916,5514-YQENT,0,0.8168674698795181,0.18313253012048192
4320,6094-ZIVKX,0,0.81375,0.18625
1578,2300-RQGOI,0,0.7258566978193146,0.27414330218068533
3634,5146-CBVOE,0,0.81375,0.18625
1243,1841-YSJGV,0,0.8168674698795181,0.18313253012048192
6519,9251-AWQGT,0,0.7258566978193146,0.27414330218068533
5196,7312-XSBAT,0,0.8168674698795181,0.18313253012048192
4632,6537-OTKMY,0,0.7121535181236673,0.2878464818763326
6374,9030-QGZNL,0,0.7258566978193146,0.27414330218068533
1802,2632-UCGVD,0,0.5,0.5
103,0186-CAERR,0,0.8168674698795181,0.18313253012048192
1272,1891-QRQSA,0,0.6808510638297872,0.3191489361702128
4599,6481-OGDOO,0,0.8168674698795181,0.18313253012048192
6775,9620-ENEJV,0,0.7258566978193146,0.27414330218068533
194,0310-MVLET,0,0.81375,0.18625
2811,4000-VGMQP,0,0.8168674698795181,0.18313253012048192
6746,9576-SYUHJ,0,0.8168674698795181,0.18313253012048192
865,1258-YMZNM,0,0.7348066298342542,0.26519337016574585
2544,3640-PHQXK,0,0.7258566978193146,0.27414330218068533
5240,7384-GHBPI,0,0.7121535181236673,0.2878464818763326
477,0696-UKTOX,0,0.8168674698795181,0.18313253012048192
3531,5012-YSPJJ,0,0.7121535181236673,0.2878464818763326
3536,5016-IBERQ,0,0.8168674698795181,0.18313253012048192
3852,5419-CONWX,0,0.7348066298342542,0.26519337016574585
644,0943-ZQPXH,0,0.7121535181236673,0.2878464818763326
1729,2519-LBNQL,0,0.6808510638297872,0.3191489361702128
3977,5602-BVFMK,0,0.7258566978193146,0.27414330218068533
4577,6458-CYIDZ,0,0.7348066298342542,0.26519337016574585
2881,4109-CYRBD,0,0.5,0.5
5476,7707-PYBBH,0,0.8168674698795181,0.18313253012048192
5304,7493-TPUWZ,0,0.8168674698795181,0.18313253012048192
6328,8963-JLGJT,0,0.8168674698795181,0.18313253012048192
1506,2209-XADXF,0,0.7258566978193146,0.27414330218068533
2656,3774-VBNXY,0,0.7258566978193146,0.27414330218068533
3323,4732-RRJZC,0,0.7121535181236673,0.2878464818763326
1213,1790-NESIO,0,0.7258566978193146,0.27414330218068533
2442,3500-NSDOA,0,0.8168674698795181,0.18313253012048192
2554,3653-NCRDJ,0,0.7121535181236673,0.2878464818763326
6057,8584-KMVXD,0,0.81375,0.18625
967,1400-MMYXY,0,0.6808510638297872,0.3191489361702128
3010,4307-KWMXE,0,0.8168674698795181,0.18313253012048192
1557,2270-CHBFN,0,0.81375,0.18625
3379,4815-GBTCD,0,0.7258566978193146,0.27414330218068533
5924,8338-QIUNR,0,0.8168674698795181,0.18313253012048192
6549,9300-AGZNL,0,0.5,0.5
4603,6486-LHTMA,1,0.40606060606060607,0.593939393939394
1838,2674-MIAHT,0,0.81375,0.18625
186,0302-JOIVN,0,0.81375,0.18625
1853,2690-DVRVK,0,0.7121535181236673,0.2878464818763326
1192,1755-RMCXH,0,0.7121535181236673,0.2878464818763326
5554,7820-ZYGNY,0,0.8168674698795181,0.18313253012048192
3618,5131-PONJI,0,0.8168674698795181,0.18313253012048192
1064,1552-CZCLL,0,0.7258566978193146,0.27414330218068533
4329,6108-OQZDQ,0,0.81375,0.18625
2951,4208-UFFGW,0,0.5,0.5
4980,7005-CYUIL,0,0.7348066298342542,0.26519337016574585
6486,9189-JWSHV,1,0.40606060606060607,0.593939393939394
5871,8258-GSTJK,0,0.5,0.5
3564,5052-PNLOS,0,0.8168674698795181,0.18313253012048192
356,0523-VNGTF,0,0.7348066298342542,0.26519337016574585
1657,2408-PSJVE,0,0.8168674698795181,0.18313253012048192
6447,9128-CPXKI,0,0.7258566978193146,0.27414330218068533
789,1150-WFARN,0,0.81375,0.18625
2196,3146-JTQHR,0,0.7121535181236673,0.2878464818763326
3637,5148-ORICT,0,0.81375,0.18625
6987,9919-FZDED,0,0.6808510638297872,0.3191489361702128
4337,6121-TNHBO,0,0.7348066298342542,0.26519337016574585
2905,4137-JOPHL,0,0.7258566978193146,0.27414330218068533
710,1047-NNCBF,0,0.7121535181236673,0.2878464818763326
6521,9253-QXKBE,0,0.5,0.5
4716,6646-QVXLR,0,0.6808510638297872,0.3191489361702128
1438,2122-SZZZD,0,0.7121535181236673,0.2878464818763326
2464,3524-WQDSG,0,0.7258566978193146,0.27414330218068533
4435,6253-GNHWH,0,0.81375,0.18625
434,0637-KVDLV,0,0.7121535181236673,0.2878464818763326
2093,3002-WQZWT,0,0.7258566978193146,0.27414330218068533
3577,5067-WJEUN,0,0.8168674698795181,0.18313253012048192
1675,2446-BEGGB,0,0.7348066298342542,0.26519337016574585
5466,7693-LCKZL,0,0.8168674698795181,0.18313253012048192
3230,4628-CTTLA,0,0.8168674698795181,0.18313253012048192
783,1139-WUOAH,0,0.7121535181236673,0.2878464818763326
2009,2898-LSJGD,0,0.81375,0.18625
3099,4445-KWOKW,0,0.81375,0.18625
4434,6252-DFGTK,0,0.81375,0.18625
3086,4423-YLHDV,0,0.81375,0.18625
6737,9565-JSNFM,0,0.7121535181236673,0.2878464818763326
5479,7711-YIJWC,0,0.8168674698795181,0.18313253012048192
2403,3440-JPSCL,0,0.7258566978193146,0.27414330218068533
1185,1744-JHKYS,0,0.7258566978193146,0.27414330218068533
2995,4291-HPAXL,0,0.7121535181236673,0.2878464818763326
4901,6900-RBKER,0,0.7121535181236673,0.2878464818763326
1453,2144-ESWKO,0,0.8168674698795181,0.18313253012048192
3160,4531-AUZNK,0,0.81375,0.18625
6500,9221-OTIVJ,0,0.7348066298342542,0.26519337016574585
911,1325-USMEC,0,0.8168674698795181,0.18313253012048192
2462,3523-BRGUW,0,0.5,0.5
6818,9681-OXGVC,0,0.7258566978193146,0.27414330218068533
6076,8612-GXIDD,0,0.7121535181236673,0.2878464818763326
2221,3178-CIFOT,0,0.7258566978193146,0.27414330218068533
5874,8260-NGFNY,0,0.7258566978193146,0.27414330218068533
3502,4958-GZWIY,0,0.7121535181236673,0.2878464818763326
1022,1475-VWVDO,0,0.7121535181236673,0.2878464818763326
3016,4316-XCSLJ,0,0.8168674698795181,0.18313253012048192
655,0959-WHOKV,0,0.8168674698795181,0.18313253012048192
4523,6372-RFVNS,0,0.7258566978193146,0.27414330218068533
2402,3439-GVUSX,0,0.7121535181236673,0.2878464818763326
60,0104-PPXDV,0,0.7121535181236673,0.2878464818763326
3590,5089-IFSDP,0,0.81375,0.18625
4674,6595-YGXIT,0,0.6808510638297872,0.3191489361702128
6723,9548-LERKT,0,0.7121535181236673,0.2878464818763326
2140,3070-FNFZQ,0,0.7258566978193146,0.27414330218068533
6042,8563-IIOXK,0,0.8168674698795181,0.18313253012048192
2664,3785-NRHYR,0,0.7121535181236673,0.2878464818763326
5674,7996-MHXLW,0,0.7258566978193146,0.27414330218068533
5083,7139-JZFVG,0,0.8168674698795181,0.18313253012048192
4249,5989-PGKJB,0,0.81375,0.18625
4571,6440-DKQGE,0,0.8168674698795181,0.18313253012048192
4429,6243-OZGFH,0,0.7258566978193146,0.27414330218068533
3072,4395-PZMSN,0,0.6808510638297872,0.3191489361702128
5299,7483-IQWIB,0,0.8168674698795181,0.18313253012048192
4904,6905-NIQIN,0,0.8168674698795181,0.18313253012048192
3017,4317-VTEOA,0,0.8168674698795181,0.18313253012048192
1348,2004-OCQXK,0,0.7258566978193146,0.27414330218068533
3768,5306-BVTKJ,0,0.8168674698795181,0.18313253012048192
2562,3663-MITLP,0,0.81375,0.18625
541,0795-LAFGP,0,0.8168674698795181,0.18313253012048192
620,0909-SDHNU,0,0.81375,0.18625
5782,8143-ETQTI,0,0.7258566978193146,0.27414330218068533
4489,6338-AVWCY,0,0.7121535181236673,0.2878464818763326
453,0666-UXTJO,0,0.5,0.5
200,0315-LVCRK,0,0.7121535181236673,0.2878464818763326
5937,8374-UULRV,0,0.8168674698795181,0.18313253012048192
4244,5985-BEHZK,0,0.7348066298342542,0.26519337016574585
2469,3533-UVMOM,0,0.8168674698795181,0.18313253012048192
5202,7319-ZNRTR,0,0.7121535181236673,0.2878464818763326
5168,7270-BDIOA,0,0.7258566978193146,0.27414330218068533
2102,3014-WJKSM,0,0.7121535181236673,0.2878464818763326
1972,2856-HYAPG,0,0.7258566978193146,0.27414330218068533
6556,9313-QOLTZ,0,0.7121535181236673,0.2878464818763326
1935,2810-FTLEM,0,0.81375,0.18625
2902,4134-BSXLX,0,0.8168674698795181,0.18313253012048192
2696,3834-XUIFC,0,0.7121535181236673,0.2878464818763326
5916,8329-GWVPJ,0,0.7258566978193146,0.27414330218068533
1131,1658-XUHBX,1,0.40606060606060607,0.593939393939394
1380,2040-XBAVJ,0,0.8168674698795181,0.18313253012048192
4396,6198-ZFIOJ,0,0.7258566978193146,0.27414330218068533
4201,5934-RMPOV,0,0.7258566978193146,0.27414330218068533
5136,7233-IOQNP,0,0.81375,0.18625
2517,3594-UVONA,0,0.81375,0.18625
2733,3890-RTCMS,0,0.7121535181236673,0.2878464818763326
3905,5494-WOZRZ,0,0.81375,0.18625
899,1307-ATKGB,0,0.8168674698795181,0.18313253012048192
1582,2305-MRGLV,0,0.7121535181236673,0.2878464818763326
4519,6368-TZZDT,0,0.7121535181236673,0.2878464818763326
5184,7294-TMAOP,0,0.7258566978193146,0.27414330218068533
69,0114-PEGZZ,0,0.81375,0.18625
5370,7580-UGXNC,0,0.7348066298342542,0.26519337016574585
1815,2650-GYRYL,0,0.7121535181236673,0.2878464818763326
3627,5138-WVKYJ,0,0.8168674698795181,0.18313253012048192
4050,5702-SKUOB,0,0.7258566978193146,0.27414330218068533
4557,6424-ELEYH,0,0.7258566978193146,0.27414330218068533
3317,4723-BEGSG,0,0.8168674698795181,0.18313253012048192
3512,4980-URKXC,0,0.7121535181236673,0.2878464818763326
501,0731-EBJQB,0,0.7258566978193146,0.27414330218068533
3632,5144-PQCDZ,0,0.7121535181236673,0.2878464818763326
5460,7683-CBDKJ,0,0.8168674698795181,0.18313253012048192
5675,7997-EASSD,0,0.7258566978193146,0.27414330218068533
6340,8979-CAMGB,0,0.5,0.5
3572,5061-PBXFW,0,0.81375,0.18625
2660,3779-OSWCF,0,0.81375,0.18625
6163,8731-WBBMB,0,0.81375,0.18625
5866,8245-UMPYT,1,0.40606060606060607,0.593939393939394
1303,1934-SJVJK,0,0.7121535181236673,0.2878464818763326
6072,8606-OEGQZ,0,0.7258566978193146,0.27414330218068533
5995,8456-QDAVC,0,0.7121535181236673,0.2878464818763326
6440,9115-YQHGA,0,0.7121535181236673,0.2878464818763326
2317,3317-HRTNN,1,0.40606060606060607,0.593939393939394
5952,8393-DLHGA,0,0.8168674698795181,0.18313253012048192
1154,1698-XFZCI,0,0.8168674698795181,0.18313253012048192
2936,4189-NAKJS,0,0.7121535181236673,0.2878464818763326
3282,4690-LLKUA,0,0.5,0.5
698,1029-QFBEN,0,0.7121535181236673,0.2878464818763326
3213,4609-KNNWG,0,0.7258566978193146,0.27414330218068533
5112,7184-LRUUR,0,0.81375,0.18625
3454,4896-CPRPF,0,0.7121535181236673,0.2878464818763326
1257,1855-CFULU,1,0.40606060606060607,0.593939393939394
1852,2688-BHGOG,0,0.5,0.5
1189,1752-OZXFY,0,0.8168674698795181,0.18313253012048192
6380,9040-KZVWO,0,0.8168674698795181,0.18313253012048192
3407,4829-AUOAX,0,0.7258566978193146,0.27414330218068533
5545,7811-JIVPF,0,0.7258566978193146,0.27414330218068533
5671,7994-XIRTR,0,0.5,0.5
4576,6457-USBER,0,0.7121535181236673,0.2878464818763326
5854,8229-BUJHX,0,0.7258566978193146,0.27414330218068533
5395,7605-SNLQG,0,0.7258566978193146,0.27414330218068533
3871,5445-PZWGX,0,0.8168674698795181,0.18313253012048192
3302,4707-YNOQA,0,0.7258566978193146,0.27414330218068533
1597,2324-EFHVG,0,0.8168674698795181,0.18313253012048192
697,1028-FFNJK,0,0.5,0.5
4976,6997-UVGOX,0,0.8168674698795181,0.18313253012048192
2198,3148-AOIQT,0,0.7258566978193146,0.27414330218068533
326,0485-ZBSLN,0,0.7121535181236673,0.2878464818763326
6307,8922-LIEGH,0,0.7348066298342542,0.26519337016574585
5101,7167-PCEYD,0,0.7121535181236673,0.2878464818763326
857,1241-FPMOF,0,0.7121535181236673,0.2878464818763326
3717,5229-DTFYB,0,0.81375,0.18625
6918,9821-BESNZ,0,0.8168674698795181,0.18313253012048192
5781,8138-EALND,0,0.7121535181236673,0.2878464818763326
4759,6698-OXETB,0,0.7121535181236673,0.2878464818763326
1292,1925-LFCZZ,0,0.5,0.5
3999,5642-MHDQT,0,0.7258566978193146,0.27414330218068533
2262,3230-WYKIR,0,0.7121535181236673,0.2878464818763326
4418,6229-UOLQL,0,0.8168674698795181,0.18313253012048192
5850,8224-KDLKN,0,0.7121535181236673,0.2878464818763326
3113,4464-JCOLN,0,0.7121535181236673,0.2878464818763326
1411,2080-SRCDE,0,0.7258566978193146,0.27414330218068533
585,0862-PRCBS,0,0.81375,0.18625
410,0608-JDVEC,0,0.7121535181236673,0.2878464818763326
2585,3696-DFHHB,0,0.7258566978193146,0.27414330218068533
4507,6352-TWCAU,0,0.7258566978193146,0.27414330218068533
5790,8150-QUDFX,0,0.7121535181236673,0.2878464818763326
5863,8242-JSVBO,0,0.7121535181236673,0.2878464818763326
2751,3913-RDSJZ,0,0.7258566978193146,0.27414330218068533
6467,9152-AMKAK,0,0.8168674698795181,0.18313253012048192
966,1399-UBQIU,0,0.7121535181236673,0.2878464818763326
6821,9689-PTNPG,0,0.7121535181236673,0.2878464818763326
5900,8309-IEYJD,1,0.40606060606060607,0.593939393939394
1876,2722-JMONI,0,0.7348066298342542,0.26519337016574585
5363,7572-KPVKK,0,0.7121535181236673,0.2878464818763326
854,1240-HCBOH,0,0.7258566978193146,0.27414330218068533
265,0396-HUJBP,0,0.7258566978193146,0.27414330218068533
5735,8069-YQQAJ,0,0.8168674698795181,0.18313253012048192
2588,3703-KBKZP,0,0.5,0.5
4236,5977-CKHON,0,0.7258566978193146,0.27414330218068533
4110,5813-UECBU,0,0.6808510638297872,0.3191489361702128
3459,4903-UYAVB,0,0.7121535181236673,0.2878464818763326
4733,6664-FPDAC,0,0.7348066298342542,0.26519337016574585
281,0415-MOSGF,0,0.7258566978193146,0.27414330218068533
6270,8873-TMKGR,0,0.7121535181236673,0.2878464818763326
4635,6542-LWGXJ,0,0.7121535181236673,0.2878464818763326
1899,2758-RNWXS,0,0.8168674698795181,0.18313253012048192
5706,8040-MNRTF,0,0.7258566978193146,0.27414330218068533
4154,5875-YPQFJ,0,0.7121535181236673,0.2878464818763326
2553,3649-JPUGY,0,0.8168674698795181,0.18313253012048192
478,0697-ZMSWS,0,0.7121535181236673,0.2878464818763326
1088,1583-IHQZE,0,0.8168674698795181,0.18313253012048192
1142,1682-VCOIO,0,0.7121535181236673,0.2878464818763326
6393,9057-SIHCH,0,0.7258566978193146,0.27414330218068533
671,0980-FEXWF,0,0.7121535181236673,0.2878464818763326
4437,6257-DTAYD,0,0.8168674698795181,0.18313253012048192
2131,3061-BCKYI,0,0.7121535181236673,0.2878464818763326
6490,9199-PWQVC,0,0.81375,0.18625
4972,6994-FGRHH,0,0.8168674698795181,0.18313253012048192
5231,7361-YPXFS,0,0.7348066298342542,0.26519337016574585
6114,8659-HDIYE,0,0.7348066298342542,0.26519337016574585
6924,9824-BEMCV,0,0.7121535181236673,0.2878464818763326
1023,1478-VPOAD,0,0.7258566978193146,0.27414330218068533
852,1236-WFCDV,0,0.5,0.5
4039,5696-EXCYS,0,0.7121535181236673,0.2878464818763326
88,0139-IVFJG,0,0.81375,0.18625
2627,3737-GCSPV,0,0.81375,0.18625
2870,4088-YLDSU,0,0.7121535181236673,0.2878464818763326
5149,7244-QWYHG,0,0.8168674698795181,0.18313253012048192
4775,6723-CEGQI,0,0.81375,0.18625
1128,1657-DYMBM,0,0.7121535181236673,0.2878464818763326
4496,6341-JVQGF,0,0.81375,0.18625
2430,3481-JHUZH,0,0.8168674698795181,0.18313253012048192
3262,4662-EKDPQ,0,0.7121535181236673,0.2878464818763326
5253,7401-RUBNK,0,0.81375,0.18625
6672,9489-JMTTN,0,0.81375,0.18625
1751,2558-BUOZZ,0,0.8168674698795181,0.18313253012048192
2292,3276-HDUEG,0,0.7258566978193146,0.27414330218068533
5095,7159-FVYPK,0,0.81375,0.18625
6118,8663-UPDGF,0,0.81375,0.18625
5412,7623-HKYRK,0,0.7121535181236673,0.2878464818763326
5928,8348-HFYIV,0,0.7121535181236673,0.2878464818763326
5089,7148-XZPHA,0,0.8168674698795181,0.18313253012048192
626,0921-OHLVP,0,0.7121535181236673,0.2878464818763326
1474,2180-DXNEG,0,0.7258566978193146,0.27414330218068533
4297,6050-IJRHS,0,0.81375,0.18625
1497,2205-YMZZJ,0,0.5,0.5
1654,2403-BCASL,0,0.6808510638297872,0.3191489361702128
1883,2731-GJRDG,0,0.81375,0.18625
3294,4701-MLJPN,0,0.7121535181236673,0.2878464818763326
5620,7921-BEPCI,0,0.81375,0.18625
1389,2055-SIFSS,1,0.40606060606060607,0.593939393939394
2180,3125-RAHBV,0,0.7121535181236673,0.2878464818763326
1198,1764-VUUMT,0,0.7121535181236673,0.2878464818763326
1318,1960-UYCNN,0,0.8168674698795181,0.18313253012048192
2029,2926-JEJJC,0,0.7258566978193146,0.27414330218068533
6806,9661-ACXBS,0,0.81375,0.18625
6566,9332-GYWLO,0,0.7258566978193146,0.27414330218068533
716,1053-MXTTK,0,0.81375,0.18625
5230,7359-WWYJV,0,0.8168674698795181,0.18313253012048192
4678,6599-GZWCM,0,0.81375,0.18625
1150,1696-MZVAU,0,0.7121535181236673,0.2878464818763326
4895,6897-RWMUB,0,0.8168674698795181,0.18313253012048192
2752,3914-FDRHP,0,0.7121535181236673,0.2878464818763326
5420,7633-MVPUY,0,0.8168674698795181,0.18313253012048192
2620,3727-OWVYD,0,0.8168674698795181,0.18313253012048192
5316,7508-MYBOG,0,0.7121535181236673,0.2878464818763326
4593,6479-OAUSD,0,0.7121535181236673,0.2878464818763326
3619,5133-POWUA,0,0.7121535181236673,0.2878464818763326
3209,4598-ZADCK,0,0.81375,0.18625
3297,4703-MQYKT,0,0.7121535181236673,0.2878464818763326
1857,2692-PFYTJ,0,0.7258566978193146,0.27414330218068533
2495,3569-VLDHH,0,0.8168674698795181,0.18313253012048192
6557,9314-IJWSQ,0,0.7258566978193146,0.27414330218068533
1724,2514-GINMM,0,0.7121535181236673,0.2878464818763326
4424,6235-VDHOM,0,0.7348066298342542,0.26519337016574585
2654,3769-MHZNV,0,0.7258566978193146,0.27414330218068533
2935,4188-PCPIG,0,0.81375,0.18625
2837,4039-HEUNW,0,0.6808510638297872,0.3191489361702128
2003,2889-FPWRM,0,0.8168674698795181,0.18313253012048192
4664,6582-PLFUU,0,0.7121535181236673,0.2878464818763326
1319,1963-SVUCV,0,0.7121535181236673,0.2878464818763326
5357,7566-DSRLQ,0,0.81375,0.18625
5042,7089-RKVSZ,0,0.7121535181236673,0.2878464818763326
5011,7041-TXQJH,0,0.7258566978193146,0.27414330218068533
3975,5600-KTXFM,0,0.7121535181236673,0.2878464818763326
6035,8548-AWOFC,0,0.7121535181236673,0.2878464818763326
3347,4770-UEZOX,0,0.8168674698795181,0.18313253012048192
4889,6892-BOGQE,0,0.7258566978193146,0.27414330218068533
718,1060-ENTOF,0,0.7348066298342542,0.26519337016574585
5283,7459-IMVYU,0,0.8168674698795181,0.18313253012048192
3300,4706-DGAHW,0,0.5,0.5
5581,7856-GANIL,0,0.6808510638297872,0.3191489361702128
6503,9225-BZLNZ,0,0.8168674698795181,0.18313253012048192
6224,8802-UNOJF,0,0.6808510638297872,0.3191489361702128
3222,4622-YNKIJ,0,0.8168674698795181,0.18313253012048192
118,0206-TBWLC,0,0.81375,0.18625
2538,3635-QQRQD,0,0.7121535181236673,0.2878464818763326
4726,6654-QGBZZ,0,0.7258566978193146,0.27414330218068533
570,0839-QNXME,0,0.7258566978193146,0.27414330218068533
1091,1589-AGTLK,0,0.7121535181236673,0.2878464818763326
6065,8595-SIZNC,1,0.40606060606060607,0.593939393939394
6371,9027-YFHQJ,0,0.7121535181236673,0.2878464818763326
247,0376-OIWME,0,0.8168674698795181,0.18313253012048192
2236,3196-NVXLZ,0,0.7258566978193146,0.27414330218068533
1097,1597-FZREH,0,0.7258566978193146,0.27414330218068533
4135,5846-NEQVZ,0,0.8168674698795181,0.18313253012048192
2116,3039-MJSLN,0,0.7121535181236673,0.2878464818763326
3541,5019-GQVCR,0,0.5,0.5
999,1449-XQEMT,0,0.7121535181236673,0.2878464818763326
4267,6008-NAIXK,0,0.6808510638297872,0.3191489361702128
1430,2108-GLPQB,0,0.7121535181236673,0.2878464818763326
1663,2424-WVHPL,0,0.5,0.5
5390,7601-WFVZV,0,0.7121535181236673,0.2878464818763326
3776,5312-UXESG,0,0.7258566978193146,0.27414330218068533
2502,3580-GICBM,0,0.7258566978193146,0.27414330218068533
2200,3154-CFSZG,0,0.8168674698795181,0.18313253012048192
4652,6563-VRERX,0,0.7121535181236673,0.2878464818763326
791,1154-HYWWO,0,0.8168674698795181,0.18313253012048192
3856,5423-BHIXO,0,0.81375,0.18625
3934,5539-HIVAK,1,0.40606060606060607,0.593939393939394
1207,1776-SPBWV,0,0.7258566978193146,0.27414330218068533
3853,5419-JKZNQ,0,0.5,0.5
2659,3778-FOAQW,0,0.7258566978193146,0.27414330218068533
372,0550-DCXLH,0,0.8168674698795181,0.18313253012048192
6301,8914-RBTSB,0,0.8168674698795181,0.18313253012048192
5895,8292-TYSPY,0,0.7121535181236673,0.2878464818763326
981,1423-BMPBQ,0,0.7258566978193146,0.27414330218068533
5313,7504-UWHNB,0,0.7121535181236673,0.2878464818763326
4790,6734-CKRSM,0,0.7258566978193146,0.27414330218068533
44,0076-LVEPS,0,0.8168674698795181,0.18313253012048192
1617,2359-KLTEK,0,0.7258566978193146,0.27414330218068533
5991,8450-LUGUK,0,0.7258566978193146,0.27414330218068533
5076,7134-HBPBS,0,0.7348066298342542,0.26519337016574585
342,0508-OOLTO,0,0.7258566978193146,0.27414330218068533
268,0397-GZBBC,0,0.5,0.5
459,0674-DGMAQ,0,0.6808510638297872,0.3191489361702128
2238,3197-NNYNB,0,0.8168674698795181,0.18313253012048192
2108,3026-ATZYV,0,0.81375,0.18625
1049,1534-OULXE,0,0.81375,0.18625
6835,9708-KFDBY,0,0.7121535181236673,0.2878464818763326
2705,3847-BAERP,0,0.7258566978193146,0.27414330218068533
2686,3810-DVDQQ,0,0.81375,0.18625
248,0376-YMCJC,0,0.7121535181236673,0.2878464818763326
1549,2260-USTRB,1,0.40606060606060607,0.593939393939394
4964,6986-IXNDM,0,0.7121535181236673,0.2878464818763326
5049,7102-JJVTX,0,0.81375,0.18625
1768,2585-KTFRE,0,0.8168674698795181,0.18313253012048192
6738,9570-KYEUA,0,0.8168674698795181,0.18313253012048192
3976,5600-PDUJF,0,0.7121535181236673,0.2878464818763326
3174,4550-EVXNY,0,0.7258566978193146,0.27414330218068533
5665,7989-AWGEH,0,0.8168674698795181,0.18313253012048192
5929,8348-JLBUG,0,0.6808510638297872,0.3191489361702128
4617,6508-NJYRO,0,0.7121535181236673,0.2878464818763326
4176,5906-BFOZT,0,0.7121535181236673,0.2878464818763326
2267,3243-ZHOHY,0,0.7258566978193146,0.27414330218068533
2604,3717-FDJFU,0,0.7121535181236673,0.2878464818763326
2155,3090-HAWSU,0,0.8168674698795181,0.18313253012048192
4376,6171-ZTVYB,0,0.8168674698795181,0.18313253012048192
856,1241-EZFMJ,0,0.7121535181236673,0.2878464818763326
6592,9367-WXLCH,0,0.7121535181236673,0.2878464818763326
4564,6435-SRWBJ,0,0.7258566978193146,0.27414330218068533
3635,5146-YYFRZ,0,0.7121535181236673,0.2878464818763326
5126,7216-EWTRS,1,0.40606060606060607,0.593939393939394
5057,7109-MFBYV,0,0.7121535181236673,0.2878464818763326
969,1401-FTHFQ,0,0.7121535181236673,0.2878464818763326
1694,2469-DTSGX,0,0.7348066298342542,0.26519337016574585
6327,8961-QDZZJ,0,0.81375,0.18625
1945,2823-LKABH,0,0.7258566978193146,0.27414330218068533
6128,8679-JOEVF,1,0.40606060606060607,0.593939393939394
6747,9577-WJVCQ,0,0.81375,0.18625
6564,9330-IJWIO,0,0.81375,0.18625
5731,8065-YKXKD,0,0.7258566978193146,0.27414330218068533
6930,9831-BPFRI,0,0.81375,0.18625
5509,7758-XKCBS,0,0.7121535181236673,0.2878464818763326
1086,1580-BMCMR,0,0.6808510638297872,0.3191489361702128
6619,9405-GPBBG,0,0.81375,0.18625
84,0135-NMXAP,0,0.81375,0.18625
1789,2612-RANWT,0,0.7258566978193146,0.27414330218068533
6093,8630-QSGXK,0,0.7121535181236673,0.2878464818763326
4625,6519-CFDBX,0,0.7258566978193146,0.27414330218068533
3040,4353-HYOJD,0,0.81375,0.18625
2847,4062-HBMOS,0,0.8168674698795181,0.18313253012048192
4811,6769-DYBQN,0,0.6808510638297872,0.3191489361702128
2835,4030-VPZBD,0,0.7258566978193146,0.27414330218068533
2075,2984-MIIZL,0,0.7121535181236673,0.2878464818763326
6687,9501-UKKNL,0,0.7121535181236673,0.2878464818763326
6950,9860-LISIZ,0,0.7258566978193146,0.27414330218068533
2389,3419-SNJJD,0,0.7348066298342542,0.26519337016574585
1877,2722-VOJQL,0,0.8168674698795181,0.18313253012048192
6854,9738-QLWTP,0,0.7121535181236673,0.2878464818763326
663,0970-ETWGE,0,0.7121535181236673,0.2878464818763326
4578,6461-PPAXN,0,0.81375,0.18625
2185,3131-NWVFJ,0,0.7258566978193146,0.27414330218068533
4616,6507-ZJSUR,0,0.5,0.5
4885,6885-PKOAM,0,0.81375,0.18625
250,0378-CJKPV,0,0.81375,0.18625
2483,3551-HUAZH,0,0.5,0.5
4480,6322-PJJDJ,0,0.8168674698795181,0.18313253012048192
2959,4227-OJHAL,0,0.81375,0.18625
4628,6522-OIQSX,0,0.81375,0.18625
